bytes,content-type,elapsed,endpoint,resource,status,entry-date,start-date,end-date
36469,application/json,0.462,70bebaaa4084b3f24b96765fcdbd1d198f5342e4684e2974d18bdb755661917e,3270362b73afba989aed0900234f32aa29414c9581db8dde79fa4c3436c15795,200,2021-06-23T14:00:51.996445,,
28071,application/json,0.789,f63abb00e829247b3a5714031d1c6198f5674ea8d3452b0e48a78810c9e9feac,acfa8a42040996c0f9aaec42d3516b51a0d003f39d01e63f7705d776cd634124,200,2021-06-23T14:00:51.996445,,
36469,application/json,0.288,70bebaaa4084b3f24b96765fcdbd1d198f5342e4684e2974d18bdb755661917e,3270362b73afba989aed0900234f32aa29414c9581db8dde79fa4c3436c15795,200,2021-06-24T00:50:12.440696,,
28071,application/json,0.399,f63abb00e829247b3a5714031d1c6198f5674ea8d3452b0e48a78810c9e9feac,acfa8a42040996c0f9aaec42d3516b51a0d003f39d01e63f7705d776cd634124,200,2021-06-24T00:50:12.440696,,
36469,application/json,0.392,70bebaaa4084b3f24b96765fcdbd1d198f5342e4684e2974d18bdb755661917e,3270362b73afba989aed0900234f32aa29414c9581db8dde79fa4c3436c15795,200,2021-06-25T01:08:19.675942,,
28071,application/json,0.696,f63abb00e829247b3a5714031d1c6198f5674ea8d3452b0e48a78810c9e9feac,acfa8a42040996c0f9aaec42d3516b51a0d003f39d01e63f7705d776cd634124,200,2021-06-25T01:08:19.675942,,
36469,application/json,0.482,70bebaaa4084b3f24b96765fcdbd1d198f5342e4684e2974d18bdb755661917e,3270362b73afba989aed0900234f32aa29414c9581db8dde79fa4c3436c15795,200,2021-06-26T01:00:38.834639,,
28071,application/json,0.568,f63abb00e829247b3a5714031d1c6198f5674ea8d3452b0e48a78810c9e9feac,acfa8a42040996c0f9aaec42d3516b51a0d003f39d01e63f7705d776cd634124,200,2021-06-26T01:00:38.834639,,
36469,application/json,0.292,70bebaaa4084b3f24b96765fcdbd1d198f5342e4684e2974d18bdb755661917e,3270362b73afba989aed0900234f32aa29414c9581db8dde79fa4c3436c15795,200,2021-06-27T01:09:47.695504,,
28071,application/json,0.434,f63abb00e829247b3a5714031d1c6198f5674ea8d3452b0e48a78810c9e9feac,acfa8a42040996c0f9aaec42d3516b51a0d003f39d01e63f7705d776cd634124,200,2021-06-27T01:09:47.695504,,
36469,application/json,0.288,70bebaaa4084b3f24b96765fcdbd1d198f5342e4684e2974d18bdb755661917e,3270362b73afba989aed0900234f32aa29414c9581db8dde79fa4c3436c15795,200,2021-06-28T01:04:05.226417,,
28071,application/json,0.445,f63abb00e829247b3a5714031d1c6198f5674ea8d3452b0e48a78810c9e9feac,acfa8a42040996c0f9aaec42d3516b51a0d003f39d01e63f7705d776cd634124,200,2021-06-28T01:04:05.226417,,
36469,application/json,0.473,70bebaaa4084b3f24b96765fcdbd1d198f5342e4684e2974d18bdb755661917e,3270362b73afba989aed0900234f32aa29414c9581db8dde79fa4c3436c15795,200,2021-06-29T01:00:01.996063,,
28071,application/json,0.587,f63abb00e829247b3a5714031d1c6198f5674ea8d3452b0e48a78810c9e9feac,acfa8a42040996c0f9aaec42d3516b51a0d003f39d01e63f7705d776cd634124,200,2021-06-29T01:00:01.996063,,
36469,application/json,0.4,70bebaaa4084b3f24b96765fcdbd1d198f5342e4684e2974d18bdb755661917e,3270362b73afba989aed0900234f32aa29414c9581db8dde79fa4c3436c15795,200,2021-06-30T01:05:44.959192,,
28071,application/json,0.363,f63abb00e829247b3a5714031d1c6198f5674ea8d3452b0e48a78810c9e9feac,acfa8a42040996c0f9aaec42d3516b51a0d003f39d01e63f7705d776cd634124,200,2021-06-30T01:05:44.959192,,
36469,application/json,0.355,70bebaaa4084b3f24b96765fcdbd1d198f5342e4684e2974d18bdb755661917e,3270362b73afba989aed0900234f32aa29414c9581db8dde79fa4c3436c15795,200,2021-07-01T01:05:50.142515,,
28071,application/json,0.727,f63abb00e829247b3a5714031d1c6198f5674ea8d3452b0e48a78810c9e9feac,acfa8a42040996c0f9aaec42d3516b51a0d003f39d01e63f7705d776cd634124,200,2021-07-01T01:05:50.142515,,
36469,application/json,0.288,70bebaaa4084b3f24b96765fcdbd1d198f5342e4684e2974d18bdb755661917e,3270362b73afba989aed0900234f32aa29414c9581db8dde79fa4c3436c15795,200,2021-07-02T01:03:12.380231,,
28071,application/json,0.377,f63abb00e829247b3a5714031d1c6198f5674ea8d3452b0e48a78810c9e9feac,acfa8a42040996c0f9aaec42d3516b51a0d003f39d01e63f7705d776cd634124,200,2021-07-02T01:03:12.380231,,
